{
  "name": "ionic-timepicker",
  "version": "0.1.0",
  "authors": [
    "rajeshwarpatlolla <rajeshwar.patlolla@gmail.com>"
  ],
  "description": "A timepicker for Ionic framework",
  "main": [
    "./dist/templates.js",
    "./dist/ionic-timepicker.js",
    "./dist/style.css"
  ],
  "keywords": [
    "ionic",
    "timepicker",
    "ionic",
    "timepicker"
  ],
  "license": "MIT",
  "homepage": "https://github.com/rajeshwarpatlolla",
  "ignore": [
    "**/.*",
    "node_modules",
    "bower_components",
    "test",
    "tests"
  ],
  "dependencies": {
    "ionic": "~0.9.27"
  },
  "_release": "0.1.0",
  "_resolution": {
    "type": "version",
    "tag": "0.1.0",
    "commit": "5b86acd60a97ecb8d7f705c3b575d7b16be6ec55"
  },
  "_source": "git://github.com/rajeshwarpatlolla/ionic-timepicker.git",
  "_target": "~0.1.0",
  "_originalSource": "ionic-timepicker",
  "_direct": true
}